deviceID,datetime,pm25,pm10,aqi,co2,voc,temp,humidity,battery,viral_index
1202240008,19-04-2024 19:05,20,57,57,726,282,30.8,47,5,88
1201240074,19-04-2024 19:05,63,159,139,544,902,30.5,43,5,83
1201240075,19-04-2024 19:06,5,11,11,913,470,22.9,45,5,83
1201240078,19-04-2024 19:06,5,11,11,921,249,22.4,46,3,82
1202240026,19-04-2024 19:06,20,59,59,745,107,25.1,51,5,87
1202240025,19-04-2024 19:06,25,71,71,542,0,26.3,44,5,93
1201240077,19-04-2024 19:06,22,66,66,415,260,32.8,30,4,84
1201240072,19-04-2024 19:06,22,69,69,414,845,33.5,28,5,82
1201240079,19-04-2024 19:06,16,44,44,985,553,30.9,46,5,80
1201240085,19-04-2024 19:06,20,55,55,1077,755,31,46,5,77
1201240076,19-04-2024 19:06,29,81,81,422,242,31.5,39,5,94
1212230160,19-04-2024 19:06,25,66,66,452,613,29.6,42,5,95
1202240009,19-04-2024 19:06,23,66,66,689,302,28.2,49,4,89
1202240008,19-04-2024 19:06,20,57,57,729,313,30.8,47,5,88
1201240074,19-04-2024 19:06,61,158,139,550,932,30.5,43,5,83
1201240075,19-04-2024 19:07,5,11,11,914,462,22.9,45,5,83
1201240078,19-04-2024 19:07,5,11,11,919,247,22.4,46,3,82
1202240026,19-04-2024 19:07,21,62,62,740,108,25.1,51,5,87
1202240025,19-04-2024 19:07,24,69,69,545,0,26.2,44,5,93
1201240072,19-04-2024 19:07,22,69,69,415,835,33.5,28,5,82
1201240079,19-04-2024 19:07,17,49,49,988,550,30.9,46,5,80
1201240085,19-04-2024 19:07,20,49,49,1083,768,31,46,5,77
1201240076,19-04-2024 19:07,32,88,88,426,230,31.5,39,5,93
1212230160,19-04-2024 19:07,27,69,69,456,567,29.6,42,5,94
1202240009,19-04-2024 19:07,21,64,64,718,326,28.3,49,4,88
1202240008,19-04-2024 19:07,20,57,57,760,366,30.9,47,5,87
1202240028,19-04-2024 19:07,20,62,62,406,246,33.5,30,5,84
1202240012,19-04-2024 19:07,20,64,64,403,204,36.6,26,5,79
1202240010,19-04-2024 19:08,18,59,59,411,0,29,35,5,92
1201240078,19-04-2024 19:08,5,11,11,915,249,22.4,46,4,83
1202240026,19-04-2024 19:08,21,59,59,737,110,25.2,51,5,87
1202240025,19-04-2024 19:08,24,66,66,545,0,26.3,44,5,93
1201240077,19-04-2024 19:07,24,74,74,415,262,32.8,30,4,84
1201240072,19-04-2024 19:08,22,66,66,415,837,33.5,28,5,82
1201240079,19-04-2024 19:08,19,49,49,992,561,30.9,46,5,80
1201240085,19-04-2024 19:08,20,49,49,1096,755,31,46,5,77
1201240076,19-04-2024 19:08,33,90,90,427,236,31.5,39,5,92
1212230160,19-04-2024 19:08,25,66,66,449,545,29.6,42,5,95
1202240009,19-04-2024 19:08,22,64,64,734,355,28.4,49,4,87
1202240008,19-04-2024 19:08,21,59,59,798,419,30.8,48,5,86
1201240074,19-04-2024 19:07,71,166,144,552,968,30.5,42,5,81
1202240028,19-04-2024 19:08,20,62,62,401,250,33.5,30,5,84
1202240012,19-04-2024 19:08,20,64,64,400,207,36.6,26,5,79
1202240010,19-04-2024 19:09,18,55,55,411,0,29,35,5,92
1201240075,19-04-2024 19:08,5,11,11,915,474,22.9,45,5,83
1201240078,19-04-2024 19:09,5,16,16,913,248,22.4,46,4,83
1202240026,19-04-2024 19:09,21,59,59,735,103,25.1,51,5,88
1202240025,19-04-2024 19:09,23,66,66,547,0,26.3,44,5,93
1201240077,19-04-2024 19:08,23,71,71,415,252,32.8,30,4,84
1201240079,19-04-2024 19:09,16,44,44,1005,574,30.9,46,5,80
1201240085,19-04-2024 19:09,20,49,49,1093,753,31.1,46,5,77
1201240076,19-04-2024 19:09,34,93,93,426,236,31.5,39,5,92
1212230160,19-04-2024 19:09,27,74,74,453,497,29.6,42,5,94
1202240009,19-04-2024 19:09,21,64,64,754,412,28.5,49,4,87
1202240008,19-04-2024 19:09,22,62,62,846,463,30.9,48,5,84
1201240074,19-04-2024 19:08,82,176,173,557,970,30.5,43,5,78
1202240028,19-04-2024 19:09,18,59,59,400,251,33.4,30,5,84
1202240012,19-04-2024 19:09,20,59,59,400,211,36.7,26,5,79
1202240010,19-04-2024 19:10,18,55,55,410,0,29,35,5,92
1201240075,19-04-2024 19:09,5,11,11,916,453,22.9,45,5,83
1201240078,19-04-2024 19:10,5,11,11,912,251,22.3,46,4,83
1202240026,19-04-2024 19:10,22,62,62,737,107,25.1,51,5,87
1202240025,19-04-2024 19:10,24,66,66,539,0,26.3,44,5,93
1201240077,19-04-2024 19:09,24,71,71,416,255,32.8,30,4,84
1201240072,19-04-2024 19:10,23,71,71,415,863,33.4,28,5,82
1201240079,19-04-2024 19:10,18,49,49,1015,600,30.9,46,5,79
1201240085,19-04-2024 19:10,20,49,49,1099,758,31.1,46,5,77
1201240076,19-04-2024 19:10,36,100,100,422,226,31.5,38,5,91
1212230160,19-04-2024 19:10,29,78,78,469,468,29.6,43,5,93
1202240009,19-04-2024 19:10,20,57,57,784,428,28.5,49,4,86
1202240008,19-04-2024 19:10,20,59,59,878,636,30.9,48,5,83
1201240074,19-04-2024 19:09,89,182,197,560,973,30.5,43,5,76
1202240028,19-04-2024 19:10,20,59,59,412,248,33.5,30,5,84
1202240012,19-04-2024 19:10,20,59,59,401,204,36.7,26,5,79
1202240010,19-04-2024 19:11,18,55,55,414,0,29,35,5,92
1201240075,19-04-2024 19:11,5,11,11,914,469,22.9,45,5,83
1201240078,19-04-2024 19:11,5,11,11,910,251,22.3,46,4,83
1202240026,19-04-2024 19:11,22,64,64,739,105,25.2,51,5,87
1202240025,19-04-2024 19:11,27,76,76,523,0,26.3,44,5,93
1201240077,19-04-2024 19:11,27,81,81,417,267,32.8,30,4,84
1201240072,19-04-2024 19:11,23,71,71,417,858,33.4,29,5,84
1201240079,19-04-2024 19:11,18,49,49,1022,609,30.9,46,5,79
1201240085,19-04-2024 19:11,20,49,49,1112,787,31,46,5,76
1201240076,19-04-2024 19:11,40,107,105,424,210,31.5,39,5,91
1212230160,19-04-2024 19:11,31,85,85,472,438,29.7,43,5,93
1202240009,19-04-2024 19:11,21,59,59,813,483,28.6,49,4,85
1202240008,19-04-2024 19:11,21,57,57,909,578,30.9,48,5,82
1201240074,19-04-2024 19:10,93,186,210,565,977,30.5,43,5,76
1202240028,19-04-2024 19:11,20,62,62,449,249,33.5,30,5,84
1202240012,19-04-2024 19:11,20,62,62,401,194,36.6,27,5,81
1202240010,19-04-2024 19:12,18,49,49,411,0,29,35,5,92
1201240075,19-04-2024 19:12,5,11,11,912,466,22.9,45,5,83
1201240078,19-04-2024 19:12,5,11,11,907,242,22.3,46,4,83
1202240026,19-04-2024 19:12,22,64,64,735,99,25.1,51,5,87
1202240025,19-04-2024 19:12,24,69,69,522,0,26.3,44,5,93
1201240077,19-04-2024 19:12,27,81,81,417,282,32.8,30,4,84
1201240072,19-04-2024 19:12,22,69,69,417,872,33.4,29,5,84
1201240079,19-04-2024 19:12,16,44,44,1030,625,30.9,47,5,79
1201240085,19-04-2024 19:12,20,49,49,1119,850,31.1,46,5,76
1201240076,19-04-2024 19:12,42,114,109,426,223,31.5,39,5,90
1212230160,19-04-2024 19:12,31,83,83,474,421,29.6,43,5,93
1202240009,19-04-2024 19:12,21,62,62,844,561,28.7,49,4,84
1202240008,19-04-2024 19:12,21,57,57,938,639,31,48,5,82
1201240074,19-04-2024 19:11,93,186,210,571,992,30.5,43,5,76
1202240028,19-04-2024 19:12,21,64,64,410,251,33.5,30,5,84
1202240012,19-04-2024 19:12,20,62,62,401,205,36.6,26,5,79
1202240010,19-04-2024 19:13,16,49,49,413,0,29,35,5,92
1201240075,19-04-2024 19:13,4,16,16,907,469,22.9,45,5,83
1201240078,19-04-2024 19:13,5,11,11,906,248,22.2,46,4,83
1202240026,19-04-2024 19:13,21,62,62,732,101,25.1,51,5,88
1202240025,19-04-2024 19:13,25,74,74,528,0,26.3,44,5,93
1201240072,19-04-2024 19:13,22,69,69,420,872,33.4,29,5,84
1201240079,19-04-2024 19:13,16,44,44,1039,615,30.8,47,5,79
1201240085,19-04-2024 19:13,20,49,49,1135,871,31,46,5,76
1201240076,19-04-2024 19:13,44,116,111,428,223,31.5,38,5,89
1212230160,19-04-2024 19:13,33,88,88,477,385,29.7,43,5,92
1202240009,19-04-2024 19:13,21,62,62,873,602,28.8,49,4,83
1202240008,19-04-2024 19:13,23,62,62,957,670,31,49,5,81
1201240074,19-04-2024 19:12,89,183,197,576,1079,30.4,43,5,76
1202240028,19-04-2024 19:13,20,59,59,408,255,33.5,30,5,84
1202240012,19-04-2024 19:13,20,64,64,400,210,36.6,26,5,79
1202240010,19-04-2024 19:14,18,49,49,412,0,29,35,5,92
1201240075,19-04-2024 19:14,5,11,11,929,467,22.9,45,5,82
1201240078,19-04-2024 19:14,5,11,11,905,248,22.2,46,4,83
1202240026,19-04-2024 19:14,22,64,64,727,95,25.1,51,5,88
1202240025,19-04-2024 19:14,25,74,74,535,0,26.3,44,5,93
1201240077,19-04-2024 19:13,26,81,81,419,280,32.8,30,4,84
1201240079,19-04-2024 19:14,20,55,55,1042,636,30.8,47,5,79
1201240085,19-04-2024 19:14,18,49,49,1144,919,31,47,5,75
1201240076,19-04-2024 19:14,42,112,108,436,226,31.5,38,5,90
1212230160,19-04-2024 19:14,34,90,90,491,343,29.6,43,5,92
1202240009,19-04-2024 19:14,21,62,62,898,655,28.8,49,4,83
1202240008,19-04-2024 19:14,22,62,62,976,707,31,49,5,80
1201240074,19-04-2024 19:14,89,183,197,580,1081,30.4,44,5,76
1202240028,19-04-2024 19:14,20,62,62,412,247,33.5,30,5,84
1202240012,19-04-2024 19:14,20,62,62,403,208,36.6,26,5,79
1202240010,19-04-2024 19:15,18,49,49,415,0,29,35,5,92
1201240075,19-04-2024 19:15,4,11,11,909,462,22.9,45,5,83
1201240078,19-04-2024 19:15,5,11,11,900,251,22.2,46,4,83
1202240026,19-04-2024 19:15,21,62,62,725,94,25.1,51,5,88
1202240025,19-04-2024 19:15,25,74,74,542,0,26.2,44,5,93
1201240077,19-04-2024 19:15,27,83,83,417,270,32.8,30,4,84
1201240072,19-04-2024 19:15,23,71,71,417,875,33.4,28,5,82
1201240079,19-04-2024 19:15,18,49,49,1047,653,30.8,47,5,78
1201240085,19-04-2024 19:15,20,49,49,1153,938,31,47,5,75
1201240076,19-04-2024 19:15,41,109,106,432,202,31.5,38,5,90
1212230160,19-04-2024 19:15,35,95,95,489,313,29.6,43,5,91
1202240009,19-04-2024 19:15,23,66,66,921,668,28.9,49,4,82
1202240008,19-04-2024 19:15,23,64,64,977,688,31,48,5,80
1201240074,19-04-2024 19:15,87,180,190,580,1071,30.5,44,5,77
1202240028,19-04-2024 19:15,21,66,66,412,245,33.4,30,5,84
1202240012,19-04-2024 19:15,21,66,66,404,208,36.7,27,5,80
1202240010,19-04-2024 19:16,18,55,55,413,0,29.1,35,5,92
1201240075,19-04-2024 19:16,5,11,11,906,467,22.9,45,5,83
1201240078,19-04-2024 19:16,5,11,11,899,245,22.3,46,4,83
1202240026,19-04-2024 19:16,22,64,64,722,93,25.1,51,5,88
1202240025,19-04-2024 19:16,26,74,74,543,0,26.2,44,5,92
1201240077,19-04-2024 19:16,28,88,88,415,272,32.7,30,4,84
1201240072,19-04-2024 19:16,23,69,69,415,891,33.5,28,5,82
1201240079,19-04-2024 19:16,19,49,49,1051,686,30.9,47,5,78
1201240085,19-04-2024 19:16,18,44,44,1166,980,31,47,5,74
1201240076,19-04-2024 19:16,40,104,103,427,195,31.5,38,5,90
1212230160,19-04-2024 19:16,35,93,93,468,270,29.6,43,5,92
1202240009,19-04-2024 19:16,25,71,71,857,551,28.9,49,4,84
1202240008,19-04-2024 19:16,24,64,64,958,643,31,48,5,81
1201240074,19-04-2024 19:16,89,181,197,583,1090,30.4,44,5,76
1202240028,19-04-2024 19:16,20,64,64,407,250,33.4,30,5,84
1202240012,19-04-2024 19:17,21,64,64,400,201,36.7,26,5,79
1202240010,19-04-2024 19:17,18,55,55,413,0,29,35,5,92
1201240075,19-04-2024 19:17,5,11,11,904,461,22.9,45,5,83
1201240078,19-04-2024 19:17,3,11,11,899,251,22.2,46,4,83
1202240026,19-04-2024 19:17,21,62,62,721,94,25.1,51,5,88
1202240025,19-04-2024 19:17,27,78,78,545,0,26.3,44,5,92
1201240077,19-04-2024 19:17,27,81,81,415,250,32.7,29,4,84
1201240079,19-04-2024 19:17,18,49,49,1059,692,30.8,47,5,78
1201240085,19-04-2024 19:17,20,49,49,1196,1020,31,47,5,73
1201240076,19-04-2024 19:17,40,104,103,423,202,31.5,38,5,90
1212230160,19-04-2024 19:17,37,100,100,459,244,29.6,43,5,91
1202240009,19-04-2024 19:17,26,76,76,789,467,29,48,4,85
1202240008,19-04-2024 19:17,23,64,64,928,597,31,48,5,82
1201240074,19-04-2024 19:17,88,181,193,587,1082,30.4,44,5,76
1202240028,19-04-2024 19:17,20,64,64,410,256,33.5,30,5,84
1202240012,19-04-2024 19:18,22,69,69,403,205,36.7,26,5,79
1202240010,19-04-2024 19:18,16,49,49,416,0,29,35,5,92
1201240075,19-04-2024 19:18,5,11,11,899,450,22.9,45,5,83
1201240078,19-04-2024 19:18,5,11,11,900,245,22.2,46,4,83
1202240026,19-04-2024 19:18,23,66,66,720,90,25.1,51,5,88
1202240025,19-04-2024 19:18,26,76,76,539,0,26.3,44,5,92
1201240077,19-04-2024 19:18,27,83,83,415,254,32.8,29,4,84
1201240072,19-04-2024 19:18,24,74,74,417,905,33.4,28,5,82
1201240079,19-04-2024 19:18,17,44,44,1067,708,30.8,47,5,78
1201240085,19-04-2024 19:18,20,49,49,1232,1083,31,47,5,72
1201240076,19-04-2024 19:18,40,107,105,428,216,31.5,38,5,90
1212230160,19-04-2024 19:18,38,100,100,454,229,29.6,43,5,91
1202240009,19-04-2024 19:18,25,74,74,745,480,29.1,48,4,87
1202240008,19-04-2024 19:18,24,66,66,896,565,31,47,5,83
1201240074,19-04-2024 19:18,85,178,183,590,1098,30.4,44,5,77
1202240028,19-04-2024 19:18,20,62,62,406,255,33.5,30,5,84
1202240012,19-04-2024 19:19,22,71,71,405,200,36.7,26,5,79
1202240010,19-04-2024 19:19,18,55,55,412,0,29,35,5,92
1201240075,19-04-2024 19:19,5,11,11,884,461,22.9,45,5,84
1201240078,19-04-2024 19:19,5,11,11,894,244,22.2,46,4,83
1202240026,19-04-2024 19:19,22,62,62,720,90,25.1,51,5,88
1202240025,19-04-2024 19:19,25,74,74,532,0,26.2,44,5,93
1201240077,19-04-2024 19:19,27,85,85,415,261,32.8,29,4,84
1201240072,19-04-2024 19:19,24,71,71,419,906,33.4,28,5,82
1201240079,19-04-2024 19:19,19,49,49,1076,728,30.8,47,5,78
1201240085,19-04-2024 19:19,18,44,44,1256,1164,31,47,5,71
1201240076,19-04-2024 19:19,41,107,105,430,233,31.5,38,5,90
1212230160,19-04-2024 19:19,39,104,103,448,221,29.6,43,5,91
1202240009,19-04-2024 19:19,26,76,76,728,442,29.1,48,4,87
1202240008,19-04-2024 19:19,25,69,69,863,526,30.9,47,5,83
1201240074,19-04-2024 19:19,83,177,177,596,1094,30.4,44,5,78
1202240028,19-04-2024 19:19,20,62,62,407,251,33.5,30,5,84
1202240012,19-04-2024 19:20,21,66,66,405,200,36.6,26,5,79
1202240010,19-04-2024 19:20,18,57,57,410,0,29,35,5,92
1201240075,19-04-2024 19:20,5,11,11,913,456,22.9,45,5,83
1201240078,19-04-2024 19:20,3,5,5,893,243,22.2,46,4,83
1202240026,19-04-2024 19:20,22,62,62,720,86,25.1,51,5,88
1202240025,19-04-2024 19:20,25,71,71,530,0,26.3,44,5,93
1201240077,19-04-2024 19:20,27,85,85,415,259,32.7,29,4,84
1201240072,19-04-2024 19:20,25,76,76,420,913,33.4,28,5,82
1201240079,19-04-2024 19:20,17,44,44,1097,764,30.8,48,5,77
1201240085,19-04-2024 19:20,18,44,44,1290,1232,30.9,47,5,70
1201240076,19-04-2024 19:20,42,112,108,431,222,31.5,38,5,90
1212230160,19-04-2024 19:20,39,102,101,445,210,29.6,42,5,91
1202240009,19-04-2024 19:20,27,78,78,712,401,29.1,48,4,88
1202240008,19-04-2024 19:20,26,71,71,836,494,30.9,47,5,84
1201240074,19-04-2024 19:20,81,174,170,595,1048,30.4,44,5,78
1202240028,19-04-2024 19:20,18,57,57,406,258,33.4,30,5,84
1202240012,19-04-2024 19:21,22,71,71,404,201,36.6,26,5,79
1202240010,19-04-2024 19:21,18,55,55,410,0,29.1,35,5,92
1201240075,19-04-2024 19:21,5,11,11,898,446,22.9,45,5,83
1201240078,19-04-2024 19:21,5,11,11,895,242,22.2,46,4,83
1202240026,19-04-2024 19:21,22,62,62,718,84,25.1,51,5,88
1202240025,19-04-2024 19:21,24,69,69,527,0,26.2,44,5,93
1201240077,19-04-2024 19:21,27,85,85,417,264,32.8,29,4,84
1201240079,19-04-2024 19:21,18,49,49,1121,792,30.8,48,5,76
1201240085,19-04-2024 19:21,20,49,49,1302,1226,31,47,5,69
1201240076,19-04-2024 19:21,41,109,106,432,223,31.5,38,5,90
1212230160,19-04-2024 19:21,41,109,106,441,211,29.6,42,5,90
1202240009,19-04-2024 19:21,27,81,81,674,347,29.1,47,4,89
1202240008,19-04-2024 19:21,26,71,71,807,461,30.9,47,5,85
1201240074,19-04-2024 19:21,73,168,145,586,1028,30.4,44,5,80
1202240028,19-04-2024 19:21,20,62,62,402,260,33.4,30,5,84
1202240012,19-04-2024 19:22,23,71,71,407,205,36.6,26,5,79
1202240010,19-04-2024 19:22,18,55,55,411,0,29,35,5,92
1201240075,19-04-2024 19:22,5,11,11,896,458,22.9,45,5,83
1201240078,19-04-2024 19:22,5,11,11,892,238,22.2,46,4,83
1202240026,19-04-2024 19:22,21,62,62,718,80,25.1,51,5,88
1202240025,19-04-2024 19:22,24,69,69,527,0,26.2,44,5,93
1201240077,19-04-2024 19:22,27,83,83,418,288,32.8,30,4,84
1201240072,19-04-2024 19:22,25,74,74,421,944,33.4,28,5,82
1201240079,19-04-2024 19:22,19,49,49,1138,814,30.8,48,5,75
1201240085,19-04-2024 19:22,20,55,55,1318,1252,31,48,5,68
1201240076,19-04-2024 19:22,44,116,111,433,229,31.5,38,5,89
1212230160,19-04-2024 19:22,41,112,108,440,210,29.6,42,5,90
1202240009,19-04-2024 19:22,27,76,76,670,394,29.2,47,4,89
1202240008,19-04-2024 19:22,28,78,78,777,415,31,46,5,86
1201240074,19-04-2024 19:22,72,168,145,580,1011,30.3,44,5,80
1202240028,19-04-2024 19:22,21,64,64,407,253,33.4,30,5,84
1202240012,19-04-2024 19:23,23,74,74,405,202,36.6,26,5,79
1202240010,19-04-2024 19:23,18,55,55,410,0,29,35,5,92
1201240075,19-04-2024 19:23,5,11,11,895,472,22.9,45,5,83
1201240078,19-04-2024 19:23,5,11,11,891,243,22.1,46,4,83
1202240026,19-04-2024 19:23,22,64,64,715,83,25.2,51,5,88
1202240025,19-04-2024 19:23,26,76,76,527,0,26.2,45,5,93
1201240072,19-04-2024 19:23,25,74,74,451,963,33.4,29,5,84
1201240079,19-04-2024 19:23,17,44,44,1150,834,30.9,48,5,75
1201240085,19-04-2024 19:23,18,44,44,1345,1296,31,48,5,67
1201240076,19-04-2024 19:23,48,123,115,433,199,31.5,38,5,88
1212230160,19-04-2024 19:23,41,112,108,440,213,29.6,42,5,90
1202240009,19-04-2024 19:23,27,81,81,671,352,29.2,47,4,89
1202240008,19-04-2024 19:23,30,83,83,750,383,30.9,46,5,86
1201240074,19-04-2024 19:23,69,165,143,583,1002,30.3,44,5,81
1202240028,19-04-2024 19:23,20,62,62,407,261,33.4,30,5,84
1202240012,19-04-2024 19:24,22,69,69,405,205,36.6,26,5,79
1202240010,19-04-2024 19:24,18,57,57,410,0,29,35,5,92
1201240075,19-04-2024 19:24,5,11,11,896,465,22.8,45,5,83
1201240078,19-04-2024 19:24,3,11,11,889,238,22.1,46,4,83
1202240026,19-04-2024 19:24,22,62,62,716,81,25.2,51,5,88
1202240025,19-04-2024 19:24,26,78,78,530,0,26.3,45,5,93
1201240077,19-04-2024 19:23,28,88,88,424,293,32.7,29,4,84
1201240072,19-04-2024 19:24,26,78,78,451,976,33.3,29,5,84
1201240079,19-04-2024 19:24,17,49,49,1160,844,30.9,48,5,75
1201240085,19-04-2024 19:24,16,44,44,1378,1319,31,48,5,65
1201240076,19-04-2024 19:24,47,121,114,435,216,31.5,38,5,88
1212230160,19-04-2024 19:24,43,114,109,442,215,29.6,42,5,90
1202240009,19-04-2024 19:24,27,81,81,669,403,29.3,47,4,89
1202240008,19-04-2024 19:24,27,78,78,745,372,30.8,47,5,87
1201240074,19-04-2024 19:24,70,165,143,581,987,30.2,44,5,81
1202240028,19-04-2024 19:24,21,64,64,415,248,33.4,30,5,84
1202240012,19-04-2024 19:25,22,71,71,405,208,36.6,26,5,79
1202240010,19-04-2024 19:25,18,55,55,412,0,29,35,5,92
1201240075,19-04-2024 19:25,5,11,11,891,460,22.8,45,5,83
1201240078,19-04-2024 19:25,5,11,11,889,244,22.1,46,4,83
1202240026,19-04-2024 19:25,22,62,62,715,82,25.1,51,5,88
1202240025,19-04-2024 19:25,27,81,81,530,0,26.2,45,5,92
1201240077,19-04-2024 19:25,30,95,95,419,317,32.7,29,4,83
1201240072,19-04-2024 19:25,27,81,81,450,1011,33.3,29,5,84
1201240079,19-04-2024 19:25,19,49,49,1182,884,30.9,48,5,74
1201240085,19-04-2024 19:25,18,49,49,1402,1344,30.9,48,5,64
1201240076,19-04-2024 19:25,49,126,117,436,191,31.6,38,5,87
1212230160,19-04-2024 19:25,42,114,109,444,219,29.6,42,5,90
1202240009,19-04-2024 19:25,27,78,78,713,446,29.2,47,4,87
1202240008,19-04-2024 19:25,29,78,78,738,374,30.6,47,5,87
1201240074,19-04-2024 19:25,68,164,143,581,980,30.2,44,5,81
1202240028,19-04-2024 19:26,20,62,62,407,253,33.4,30,5,84
1202240012,19-04-2024 19:26,25,81,81,405,204,36.6,26,5,78
1202240010,19-04-2024 19:26,18,57,57,413,0,29,35,5,92
1201240075,19-04-2024 19:26,5,11,11,891,488,22.9,45,5,83
1201240078,19-04-2024 19:26,5,11,11,886,237,22.1,46,4,83
1202240026,19-04-2024 19:26,22,62,62,715,84,25.2,51,5,88
1202240025,19-04-2024 19:26,27,81,81,532,0,26.2,45,5,92
1201240079,19-04-2024 19:26,17,44,44,1187,896,30.9,48,5,74
1201240085,19-04-2024 19:26,18,44,44,1410,1310,31,48,5,64
1201240076,19-04-2024 19:26,49,128,119,435,176,31.5,38,5,87
1212230160,19-04-2024 19:26,41,107,105,457,215,29.6,42,5,90
1202240009,19-04-2024 19:26,27,81,81,730,460,29.2,47,4,87
1202240008,19-04-2024 19:26,28,78,78,734,372,30.5,48,5,87
1202240028,19-04-2024 19:27,22,66,66,406,260,33.4,30,5,84
1202240012,19-04-2024 19:27,22,71,71,406,204,36.6,26,5,79
1202240010,19-04-2024 19:27,18,55,55,413,0,29,35,5,92
1201240075,19-04-2024 19:27,5,11,11,890,474,22.9,45,5,83
1201240078,19-04-2024 19:27,5,11,11,883,237,22.1,46,4,83
1202240026,19-04-2024 19:27,21,62,62,716,79,25.2,51,5,88
1202240025,19-04-2024 19:27,26,74,74,535,0,26.2,45,5,93
1201240077,19-04-2024 19:26,27,88,88,426,316,32.8,29,4,84
1201240072,19-04-2024 19:27,27,81,81,455,1014,33.3,29,5,84
1201240079,19-04-2024 19:27,18,49,49,1198,913,30.9,48,5,73
1201240085,19-04-2024 19:27,18,44,44,1415,1332,30.9,48,5,63
1201240076,19-04-2024 19:27,50,128,119,435,178,31.6,38,5,87
1212230160,19-04-2024 19:27,41,109,106,470,225,29.6,42,5,90
1202240009,19-04-2024 19:27,29,83,83,749,477,29.2,48,4,86
1202240008,19-04-2024 19:27,28,78,78,738,409,30.4,48,5,87
1201240074,19-04-2024 19:26,67,164,143,580,968,30.2,44,5,82
1202240028,19-04-2024 19:28,21,64,64,405,257,33.5,30,5,84
1202240012,19-04-2024 19:28,23,78,78,404,210,36.6,26,5,79
1202240010,19-04-2024 19:28,18,55,55,414,0,29,35,5,92
1201240078,19-04-2024 19:28,5,11,11,884,240,22.1,46,4,83
1202240026,19-04-2024 19:28,21,59,59,717,84,25.2,51,5,88
1202240025,19-04-2024 19:28,26,74,74,535,0,26.2,45,5,93
1201240077,19-04-2024 19:27,27,81,81,436,305,32.7,29,4,84
1201240072,19-04-2024 19:28,27,78,78,457,1013,33.3,29,5,84
1201240079,19-04-2024 19:28,17,44,44,1209,911,30.9,48,5,73
1201240085,19-04-2024 19:28,18,44,44,1416,1350,30.9,48,5,63
1201240076,19-04-2024 19:28,47,123,115,434,189,31.6,38,5,88
1212230160,19-04-2024 19:28,41,107,105,468,203,29.6,42,5,90
1202240009,19-04-2024 19:28,29,85,85,760,499,29.2,48,4,86
1202240008,19-04-2024 19:28,27,76,76,751,426,30.3,49,5,86
1201240074,19-04-2024 19:27,67,164,143,581,971,30.2,44,5,82
1202240028,19-04-2024 19:29,21,66,66,422,260,33.4,30,5,84
1202240012,19-04-2024 19:29,24,81,81,403,212,36.6,26,5,78
1202240010,19-04-2024 19:29,18,55,55,414,0,29,35,5,92
1201240075,19-04-2024 19:28,5,11,11,889,455,22.9,45,5,83
1201240078,19-04-2024 19:29,5,11,11,885,234,22.1,46,4,83
1202240026,19-04-2024 19:29,22,62,62,717,83,25.2,51,5,88
1202240025,19-04-2024 19:29,26,76,76,531,0,26.3,45,5,93
1201240077,19-04-2024 19:29,28,88,88,437,307,32.7,30,4,84
1201240072,19-04-2024 19:29,27,83,83,463,1049,33.4,29,5,83
1201240079,19-04-2024 19:29,18,49,49,1213,902,30.9,48,5,73
1201240085,19-04-2024 19:29,18,44,44,1430,1367,30.9,48,5,63
1201240076,19-04-2024 19:29,48,123,115,433,190,31.5,38,5,88
1212230160,19-04-2024 19:29,42,114,109,470,206,29.7,42,5,90
1202240009,19-04-2024 19:29,29,83,83,764,525,29.1,48,4,86
1202240008,19-04-2024 19:29,30,78,78,765,469,30.2,49,5,86
1201240074,19-04-2024 19:28,66,161,141,584,951,30.1,44,5,82
1202240012,19-04-2024 19:30,21,69,69,405,208,36.6,26,5,79
1202240010,19-04-2024 19:30,16,49,49,418,0,29,36,5,93
1201240075,19-04-2024 19:30,5,11,11,882,445,22.8,45,5,84
1201240078,19-04-2024 19:30,5,11,11,880,238,22.1,46,4,84
1202240026,19-04-2024 19:30,22,62,62,715,81,25.2,51,5,88
1202240025,19-04-2024 19:30,26,74,74,532,0,26.2,45,5,93
1201240077,19-04-2024 19:30,29,93,93,436,297,32.8,29,4,83
1201240072,19-04-2024 19:30,27,81,81,465,1068,33.4,29,5,83
1201240079,19-04-2024 19:30,17,44,44,1215,907,30.9,48,5,73
1201240085,19-04-2024 19:30,20,49,49,1429,1357,30.9,48,5,63
1201240076,19-04-2024 19:30,47,121,114,434,261,31.5,38,5,88
1212230160,19-04-2024 19:30,44,119,113,468,196,29.7,42,5,89
1202240009,19-04-2024 19:30,27,81,81,769,552,29.1,48,4,86
1202240008,19-04-2024 19:30,30,81,81,785,516,30.1,50,5,85
1201240074,19-04-2024 19:29,65,161,141,562,953,30.1,44,5,82
1202240028,19-04-2024 19:30,22,66,66,415,259,33.5,30,5,84
1202240012,19-04-2024 19:31,24,76,76,405,206,36.6,26,5,78
1202240010,19-04-2024 19:31,18,49,49,412,0,29,35,5,92
1201240075,19-04-2024 19:31,5,11,11,881,448,22.8,45,5,84
1201240078,19-04-2024 19:31,3,11,11,879,238,22,46,4,84
1202240026,19-04-2024 19:31,22,62,62,718,81,25.1,51,5,88
1202240025,19-04-2024 19:31,26,76,76,533,0,26.2,45,5,93
1201240077,19-04-2024 19:31,30,97,97,426,300,32.7,29,4,83
1201240072,19-04-2024 19:31,27,81,81,467,1084,33.3,29,5,83
1201240079,19-04-2024 19:31,16,44,44,1213,908,30.9,48,5,73
1201240085,19-04-2024 19:31,20,55,55,1419,1378,30.9,48,5,63
1201240076,19-04-2024 19:31,46,121,114,437,374,31.5,38,5,88
1212230160,19-04-2024 19:31,42,112,108,456,206,29.7,42,5,90
1202240009,19-04-2024 19:31,30,85,85,790,603,29.2,48,4,85
1202240008,19-04-2024 19:31,30,78,78,793,530,30.1,50,5,85
1201240074,19-04-2024 19:30,64,159,139,584,970,30.1,44,5,82
1202240028,19-04-2024 19:32,20,62,62,411,257,33.4,30,5,84
1202240012,19-04-2024 19:32,25,81,81,404,205,36.5,26,5,78
1202240010,19-04-2024 19:32,18,55,55,412,0,29,36,5,93
1201240075,19-04-2024 19:32,5,11,11,845,451,22.9,45,5,85
1201240078,19-04-2024 19:32,5,11,11,875,238,22.1,46,4,84
1202240026,19-04-2024 19:32,21,59,59,716,84,25.2,51,5,88
1202240025,19-04-2024 19:32,27,81,81,531,0,26.2,45,5,92
1201240077,19-04-2024 19:32,29,93,93,433,304,32.7,29,4,83
1201240079,19-04-2024 19:32,18,49,49,1201,898,30.9,47,5,73
1201240085,19-04-2024 19:32,20,55,55,1416,1295,30.8,48,5,63
1201240076,19-04-2024 19:32,44,116,111,440,408,31.5,38,5,89
1212230160,19-04-2024 19:32,41,109,106,455,226,29.7,42,5,90
1202240009,19-04-2024 19:32,28,81,81,803,626,29.2,48,4,85
1202240008,19-04-2024 19:32,29,78,78,795,522,30,50,5,85
1201240074,19-04-2024 19:31,63,159,139,588,968,30.1,44,5,82
1202240028,19-04-2024 19:33,21,64,64,408,261,33.4,30,5,84
1202240012,19-04-2024 19:33,24,74,74,405,207,36.6,26,5,78
1202240010,19-04-2024 19:33,16,49,49,413,0,28.9,36,5,93
1201240075,19-04-2024 19:33,5,11,11,875,460,22.9,45,5,84
1201240078,19-04-2024 19:33,5,11,11,875,232,22,46,4,84
1202240026,19-04-2024 19:33,21,59,59,715,82,25.2,51,5,88
1202240025,19-04-2024 19:33,26,74,74,530,0,26.1,45,5,93
1201240072,19-04-2024 19:33,27,81,81,467,1100,33.3,29,5,83
1201240079,19-04-2024 19:33,17,44,44,1188,896,30.9,47,5,74
1201240085,19-04-2024 19:33,23,64,64,1399,1313,30.9,48,5,64
1201240076,19-04-2024 19:33,42,112,108,440,547,31.5,38,5,90
1212230160,19-04-2024 19:33,41,107,105,447,260,29.7,42,5,90
1202240009,19-04-2024 19:33,29,83,83,813,651,29.2,48,4,84
1202240008,19-04-2024 19:33,30,81,81,797,673,30,51,5,85
1201240074,19-04-2024 19:32,62,159,139,588,962,30.1,44,5,83
1202240028,19-04-2024 19:34,22,66,66,409,264,33.4,30,5,84
1202240012,19-04-2024 19:34,23,71,71,402,204,36.6,26,5,79
1202240010,19-04-2024 19:34,18,55,55,412,0,28.9,36,5,93
1201240075,19-04-2024 19:34,5,11,11,877,460,22.9,45,5,84
1201240078,19-04-2024 19:34,5,11,11,871,239,22,46,4,84
1202240026,19-04-2024 19:34,22,62,62,716,76,25.2,51,5,88
1202240025,19-04-2024 19:34,26,74,74,530,0,26.2,45,5,93
1201240077,19-04-2024 19:33,29,93,93,434,317,32.7,29,4,83
1201240072,19-04-2024 19:34,27,81,81,472,1124,33.3,29,5,83
1201240079,19-04-2024 19:34,19,49,49,1175,883,30.9,47,5,74
1201240085,19-04-2024 19:34,22,64,64,1393,1313,30.8,48,5,64
1201240076,19-04-2024 19:34,45,116,111,440,454,31.5,38,5,89
1212230160,19-04-2024 19:34,43,116,111,446,285,29.7,42,5,90
1202240009,19-04-2024 19:34,29,81,81,820,730,29.2,48,4,84
1202240008,19-04-2024 19:34,30,83,83,802,804,30,51,5,85
1201240074,19-04-2024 19:33,61,157,138,590,956,30,44,5,83
1202240028,19-04-2024 19:35,21,66,66,422,261,33.4,30,5,84
1202240012,19-04-2024 19:35,24,74,74,414,210,36.6,26,5,78
1202240010,19-04-2024 19:35,16,49,49,415,0,29,36,5,93
1201240075,19-04-2024 19:35,5,11,11,848,440,22.9,45,5,85
1201240078,19-04-2024 19:35,5,16,16,872,231,21.9,46,4,84
1202240026,19-04-2024 19:35,22,64,64,710,81,25.2,51,5,88
1202240025,19-04-2024 19:35,26,76,76,532,0,26.1,45,5,93
1201240077,19-04-2024 19:34,29,90,90,435,321,32.7,29,4,83
1201240079,19-04-2024 19:35,19,49,49,1164,884,30.9,47,5,74
1201240085,19-04-2024 19:35,24,66,66,1384,1310,30.8,48,5,65
1201240076,19-04-2024 19:35,47,123,115,440,373,31.5,38,5,88
1212230160,19-04-2024 19:35,42,112,108,451,298,29.8,42,5,90
1202240009,19-04-2024 19:35,27,81,81,827,821,29.2,49,4,84
1202240008,19-04-2024 19:35,30,83,83,807,836,29.9,51,5,85
1201240074,19-04-2024 19:34,63,159,139,594,954,29.9,44,5,82
1202240028,19-04-2024 19:36,20,62,62,408,263,33.4,30,5,84
1202240012,19-04-2024 19:36,24,74,74,406,213,36.6,26,5,78
1202240010,19-04-2024 19:36,18,55,55,412,0,28.9,36,5,93
1201240075,19-04-2024 19:36,5,11,11,863,446,22.8,45,5,84
1201240078,19-04-2024 19:36,5,11,11,867,224,22,46,4,84
1202240026,19-04-2024 19:36,22,64,64,711,78,25.2,51,5,88
1202240025,19-04-2024 19:36,25,76,76,534,0,26.1,45,5,93
1201240077,19-04-2024 19:36,34,107,105,465,318,32.7,29,4,83
1201240072,19-04-2024 19:36,27,78,78,467,1108,33.3,29,5,83
1201240079,19-04-2024 19:36,19,49,49,1154,883,30.9,47,5,75
1201240085,19-04-2024 19:36,24,69,69,1373,1269,30.8,48,5,65
1201240076,19-04-2024 19:36,48,123,115,437,326,31.5,38,5,88
1212230160,19-04-2024 19:36,41,109,106,452,296,29.8,42,5,90
1202240009,19-04-2024 19:36,29,81,81,832,953,29.2,49,4,84
1202240008,19-04-2024 19:36,30,78,78,810,816,29.9,51,5,84
1201240074,19-04-2024 19:35,61,157,138,594,955,30,45,5,83
1202240028,19-04-2024 19:37,22,66,66,408,262,33.4,30,5,84
1202240012,19-04-2024 19:37,24,78,78,406,220,36.6,26,5,78
1202240010,19-04-2024 19:37,18,59,59,415,0,28.9,36,5,93
1201240078,19-04-2024 19:37,5,11,11,866,236,21.9,46,4,84
1202240026,19-04-2024 19:37,22,64,64,707,83,25.2,51,5,88
1202240025,19-04-2024 19:37,26,76,76,537,0,26.1,45,5,92
1201240077,19-04-2024 19:37,34,104,103,460,310,32.7,29,4,83
1201240072,19-04-2024 19:37,28,85,85,469,1096,33.3,29,5,83
1201240079,19-04-2024 19:37,19,49,49,1149,875,30.9,47,5,75
1201240085,19-04-2024 19:37,22,62,62,1361,1245,30.8,48,5,66
1201240076,19-04-2024 19:37,49,128,119,434,338,31.5,38,5,87
1212230160,19-04-2024 19:37,44,116,111,450,289,29.8,42,5,89
1202240009,19-04-2024 19:37,29,83,83,839,998,29.3,49,4,84
1202240008,19-04-2024 19:37,28,78,78,816,798,29.9,51,5,85
1201240074,19-04-2024 19:36,60,156,137,592,954,30,45,5,83
1202240028,19-04-2024 19:38,22,66,66,405,218,33.4,30,5,84
1202240012,19-04-2024 19:38,24,76,76,405,209,36.6,26,5,78
1202240010,19-04-2024 19:38,18,55,55,417,0,29,36,5,93
1201240075,19-04-2024 19:38,5,11,11,876,450,22.9,45,5,84
1201240078,19-04-2024 19:38,5,11,11,865,233,21.9,46,4,84
1202240026,19-04-2024 19:38,22,62,62,710,86,25.2,51,5,88
1202240025,19-04-2024 19:38,25,71,71,536,0,26.1,45,5,93
1201240077,19-04-2024 19:38,37,112,108,461,329,32.7,29,4,82
1201240079,19-04-2024 19:38,18,49,49,1142,872,30.8,47,5,75
1201240085,19-04-2024 19:38,22,62,62,1345,1246,30.8,48,5,67
1201240076,19-04-2024 19:38,56,147,131,432,302,31.5,38,5,85
1212230160,19-04-2024 19:38,45,121,114,468,298,29.8,42,5,89
1202240009,19-04-2024 19:38,29,83,83,841,1004,29.3,49,4,84
1202240008,19-04-2024 19:38,28,78,78,819,787,29.9,51,5,84
1201240074,19-04-2024 19:37,58,153,135,592,925,29.9,45,5,83
1202240028,19-04-2024 19:39,21,64,64,407,213,33.5,30,5,84
1202240012,19-04-2024 19:39,23,71,71,405,217,36.6,26,5,79
1202240010,19-04-2024 19:39,16,49,49,414,0,28.9,36,5,93
1201240075,19-04-2024 19:39,5,11,11,872,433,22.8,45,5,84
1201240078,19-04-2024 19:39,5,11,11,866,240,21.9,46,4,84
1202240026,19-04-2024 19:39,22,64,64,706,86,25.2,51,5,88
1202240025,19-04-2024 19:39,26,76,76,535,0,26.1,45,5,93
1201240072,19-04-2024 19:39,29,85,85,469,1425,33.3,29,5,83
1201240079,19-04-2024 19:39,21,57,57,1144,1036,30.9,47,5,75
1201240085,19-04-2024 19:39,22,62,62,1333,1239,30.8,48,5,68
1201240076,19-04-2024 19:39,59,152,135,427,295,31.5,37,5,84
1212230160,19-04-2024 19:39,47,123,115,483,305,29.8,42,5,88
1202240009,19-04-2024 19:39,28,81,81,847,1006,29.3,49,4,84
1202240008,19-04-2024 19:39,30,83,83,819,775,29.9,51,5,84
1201240074,19-04-2024 19:38,57,153,135,592,931,29.9,45,5,84
1202240028,19-04-2024 19:40,21,62,62,404,211,33.4,30,5,84
1202240012,19-04-2024 19:40,24,74,74,406,221,36.5,26,5,78
1202240010,19-04-2024 19:40,18,55,55,415,0,28.9,36,5,93
1201240075,19-04-2024 19:40,5,11,11,869,430,22.8,45,5,84
1201240078,19-04-2024 19:40,5,16,16,865,230,21.8,46,4,84
1202240026,19-04-2024 19:40,22,62,62,720,85,25.3,51,5,88
1202240025,19-04-2024 19:40,25,74,74,537,0,26.1,45,5,93
1201240077,19-04-2024 19:39,34,104,103,463,347,32.7,30,4,83
1201240072,19-04-2024 19:40,28,83,83,470,1454,33.3,29,5,83
1201240079,19-04-2024 19:40,21,57,57,1146,1013,30.9,47,5,75
1201240085,19-04-2024 19:40,22,62,62,1323,1228,30.8,48,5,68
1201240076,19-04-2024 19:40,58,150,133,426,314,31.5,37,5,84
1212230160,19-04-2024 19:40,48,128,119,502,296,29.9,42,5,88
1202240009,19-04-2024 19:40,27,78,78,849,1000,29.4,49,4,84
1202240008,19-04-2024 19:40,30,81,81,823,751,29.9,51,5,84
1201240074,19-04-2024 19:39,56,152,135,593,910,29.9,45,5,84
1202240028,19-04-2024 19:41,20,59,59,412,212,33.4,30,5,84
1202240012,19-04-2024 19:41,25,76,76,405,215,36.5,26,5,78
1202240010,19-04-2024 19:41,18,49,49,415,0,28.9,36,5,93
1201240075,19-04-2024 19:41,5,11,11,866,430,22.9,45,5,84
1201240078,19-04-2024 19:41,5,11,11,862,227,21.8,46,4,84
1202240026,19-04-2024 19:41,22,62,62,713,91,25.3,51,5,88
1202240025,19-04-2024 19:41,26,74,74,535,0,26.1,45,5,93
1201240077,19-04-2024 19:40,34,109,106,466,367,32.7,30,4,83
1201240072,19-04-2024 19:41,28,85,85,471,1443,33.3,29,5,83
1201240079,19-04-2024 19:41,21,57,57,1146,1011,30.9,47,5,75
1201240085,19-04-2024 19:41,23,64,64,1318,1238,30.7,48,5,68
1201240076,19-04-2024 19:41,56,147,131,427,289,31.5,37,5,85
1212230160,19-04-2024 19:41,46,121,114,501,294,29.9,42,5,88
1202240009,19-04-2024 19:41,27,81,81,849,999,29.3,49,4,84
1202240008,19-04-2024 19:41,27,78,78,821,736,29.8,51,5,84
1201240074,19-04-2024 19:40,55,151,134,595,922,29.9,45,5,84
1202240028,19-04-2024 19:42,21,64,64,412,214,33.4,30,5,84
1202240012,19-04-2024 19:42,25,74,74,405,210,36.5,26,5,78
1202240010,19-04-2024 19:42,18,55,55,415,0,29,36,5,93
1201240075,19-04-2024 19:42,5,11,11,865,422,22.9,45,5,84
1201240078,19-04-2024 19:42,5,11,11,862,227,21.8,46,4,84
1202240026,19-04-2024 19:42,22,62,62,711,86,25.3,51,5,88
1202240025,19-04-2024 19:42,24,71,71,535,0,26.1,45,5,93
1201240077,19-04-2024 19:41,32,100,100,465,371,32.7,30,4,83
1201240072,19-04-2024 19:42,29,85,85,471,1391,33.3,29,5,83
1201240079,19-04-2024 19:42,21,57,57,1147,991,30.9,47,5,75
1201240085,19-04-2024 19:42,23,64,64,1306,1188,30.7,48,5,69
1201240076,19-04-2024 19:42,55,145,130,430,267,31.5,37,5,85
1212230160,19-04-2024 19:42,49,131,121,501,293,30,42,5,87
1202240009,19-04-2024 19:42,29,81,81,849,991,29.4,49,4,83
1202240008,19-04-2024 19:42,28,78,78,821,724,29.8,51,5,84
1201240074,19-04-2024 19:42,56,152,135,596,928,29.9,45,5,84
1202240028,19-04-2024 19:43,22,69,69,412,207,33.4,30,5,84
1202240012,19-04-2024 19:43,25,76,76,405,222,36.5,26,5,78
1202240010,19-04-2024 19:43,18,55,55,414,0,28.9,36,5,93
1201240075,19-04-2024 19:43,5,11,11,861,442,22.9,45,5,84
1201240078,19-04-2024 19:43,5,16,16,862,229,21.8,46,4,84
1202240026,19-04-2024 19:43,22,62,62,703,92,25.3,51,5,88
1202240025,19-04-2024 19:43,24,69,69,535,0,26.1,45,5,93
1201240077,19-04-2024 19:43,52,152,135,539,544,32.7,32,4,82
1201240072,19-04-2024 19:43,29,88,88,470,1372,33.3,29,5,83
1201240079,19-04-2024 19:43,21,57,57,1140,1001,30.9,47,5,75
1201240085,19-04-2024 19:43,23,62,62,1295,1218,30.8,47,5,69
1201240076,19-04-2024 19:43,54,138,125,435,231,31.6,37,5,86
1212230160,19-04-2024 19:43,47,126,117,496,286,30,41,5,88
1202240009,19-04-2024 19:43,27,78,78,848,954,29.4,49,4,84
1202240008,19-04-2024 19:43,28,78,78,819,735,29.9,51,5,84
1201240074,19-04-2024 19:43,55,150,133,596,912,29.9,45,5,84
1202240028,19-04-2024 19:44,22,69,69,404,211,33.4,30,5,84
1202240012,19-04-2024 19:44,26,81,81,405,222,36.6,26,5,78
1202240010,19-04-2024 19:44,18,55,55,415,0,28.9,36,5,93
1201240075,19-04-2024 19:44,5,11,11,858,430,22.8,45,5,84
1201240078,19-04-2024 19:44,5,11,11,861,234,21.8,47,4,84
1202240026,19-04-2024 19:44,22,64,64,705,93,25.3,51,5,88
1202240025,19-04-2024 19:44,25,71,71,535,0,26.1,45,5,93
1201240077,19-04-2024 19:44,41,126,117,541,442,32.6,30,4,81
1201240079,19-04-2024 19:44,20,55,55,1136,965,30.9,47,5,75
1201240085,19-04-2024 19:44,23,62,62,1289,1197,30.7,48,5,70
1201240076,19-04-2024 19:44,55,142,128,435,256,31.6,37,5,85
1212230160,19-04-2024 19:44,48,128,119,491,276,30,41,5,88
1202240009,19-04-2024 19:44,26,74,74,847,950,29.4,49,4,84
1202240008,19-04-2024 19:44,28,78,78,817,737,29.8,51,5,84
1201240074,19-04-2024 19:44,52,145,130,596,901,29.9,45,5,85
1202240028,19-04-2024 19:45,23,71,71,399,210,33.4,30,5,84
1202240012,19-04-2024 19:45,26,78,78,405,221,36.6,26,5,78
1202240010,19-04-2024 19:45,18,55,55,415,0,28.9,36,5,93
1201240075,19-04-2024 19:45,5,11,11,854,442,22.9,45,5,84
1201240078,19-04-2024 19:45,5,11,11,857,226,21.8,47,4,84
1202240026,19-04-2024 19:45,22,62,62,705,93,25.3,51,5,88
1202240025,19-04-2024 19:45,25,71,71,533,0,26.1,45,5,93
1201240077,19-04-2024 19:45,41,126,117,491,426,32.6,30,4,82
1201240072,19-04-2024 19:45,28,83,83,470,1297,33.2,29,5,83
1201240079,19-04-2024 19:45,20,57,57,1134,957,30.8,47,5,76
1201240085,19-04-2024 19:45,21,57,57,1280,1170,30.7,47,5,70
1201240076,19-04-2024 19:45,53,135,123,434,268,31.5,37,5,86
1212230160,19-04-2024 19:45,47,123,115,488,258,30,41,5,88
1202240009,19-04-2024 19:45,29,81,81,850,948,29.4,49,4,83
1202240008,19-04-2024 19:45,28,78,78,816,723,29.8,51,5,85
1201240074,19-04-2024 19:45,54,150,133,595,913,29.9,45,5,84
1202240028,19-04-2024 19:46,22,66,66,411,214,33.4,30,5,84
1202240012,19-04-2024 19:46,26,76,76,405,219,36.5,26,5,78
1202240010,19-04-2024 19:46,18,49,49,415,0,28.9,36,5,93
1201240075,19-04-2024 19:46,5,11,11,854,431,22.9,45,5,84
1201240078,19-04-2024 19:46,5,11,11,857,225,21.8,47,4,84
1202240026,19-04-2024 19:46,21,62,62,705,88,25.3,51,5,88
1202240025,19-04-2024 19:46,25,71,71,532,0,26.1,45,5,93
1201240077,19-04-2024 19:46,34,107,105,492,396,32.6,30,4,83
1201240072,19-04-2024 19:46,28,83,83,470,1317,33.2,29,5,83
1201240079,19-04-2024 19:46,20,55,55,1128,951,30.9,46,5,76
1201240085,19-04-2024 19:46,23,64,64,1275,1185,30.7,48,5,70
1201240076,19-04-2024 19:46,55,142,128,438,245,31.6,37,5,85
1212230160,19-04-2024 19:46,48,126,117,481,257,30,41,5,88
1202240009,19-04-2024 19:46,27,81,81,855,956,29.4,49,4,84
1202240008,19-04-2024 19:46,28,78,78,819,919,29.8,51,5,84
1201240074,19-04-2024 19:46,52,145,130,597,889,29.9,45,5,85
1202240028,19-04-2024 19:47,22,66,66,408,217,33.4,30,5,84
1202240012,19-04-2024 19:47,26,81,81,405,228,36.5,26,5,78
1202240010,19-04-2024 19:47,18,49,49,415,0,28.9,36,5,93
1201240075,19-04-2024 19:47,4,11,11,854,440,22.8,45,5,84
1201240078,19-04-2024 19:47,5,11,11,857,232,21.8,47,4,84
1202240026,19-04-2024 19:47,23,64,64,705,92,25.3,51,5,88
1202240025,19-04-2024 19:47,26,76,76,535,0,26.1,45,5,93
1201240077,19-04-2024 19:47,34,107,105,484,394,32.6,30,4,83
1201240072,19-04-2024 19:47,31,95,95,473,1300,33.3,29,5,83
1201240079,19-04-2024 19:47,20,55,55,1110,931,30.9,46,5,76
1201240085,19-04-2024 19:47,22,62,62,1266,1151,30.7,47,5,71
1201240076,19-04-2024 19:47,55,140,127,442,238,31.6,37,5,85
1212230160,19-04-2024 19:47,48,131,121,476,251,30,41,5,88
1202240009,19-04-2024 19:47,27,81,81,855,1061,29.3,49,4,84
1202240008,19-04-2024 19:47,28,78,78,819,865,29.8,51,5,84
1201240074,19-04-2024 19:47,51,142,128,595,892,29.9,45,5,85
1202240028,19-04-2024 19:48,21,64,64,406,214,33.4,30,5,84
1202240012,19-04-2024 19:48,26,81,81,406,232,36.5,26,5,78
1202240010,19-04-2024 19:48,18,55,55,415,0,28.9,36,5,93
1201240075,19-04-2024 19:48,5,11,11,855,450,22.8,45,5,84
1201240078,19-04-2024 19:48,5,11,11,855,236,21.7,47,4,84
1202240026,19-04-2024 19:48,22,64,64,703,97,25.3,51,5,88
1202240025,19-04-2024 19:48,25,71,71,537,0,26.1,45,5,93
1201240077,19-04-2024 19:48,34,107,105,476,384,32.7,30,4,83
1201240079,19-04-2024 19:48,20,55,55,1110,942,30.8,46,5,76
1201240085,19-04-2024 19:48,24,64,64,1225,1107,30.7,47,5,72
1201240076,19-04-2024 19:48,58,150,133,443,253,31.6,37,5,84
1212230160,19-04-2024 19:48,49,131,121,467,249,30,41,5,88
1202240009,19-04-2024 19:48,29,83,83,856,1080,29.3,49,4,83
1202240008,19-04-2024 19:48,27,76,76,819,846,29.8,51,5,85
1201240074,19-04-2024 19:48,50,138,125,598,893,29.9,45,5,85
1202240028,19-04-2024 19:49,20,59,59,406,212,33.4,30,5,84
1202240012,19-04-2024 19:49,26,81,81,405,232,36.5,26,5,78
1202240010,19-04-2024 19:49,18,49,49,415,0,28.9,36,5,93
1201240075,19-04-2024 19:49,5,11,11,855,439,22.8,45,5,84
1201240078,19-04-2024 19:49,5,11,11,852,229,21.7,47,4,84
1202240026,19-04-2024 19:49,22,62,62,705,97,25.3,51,5,88
1202240025,19-04-2024 19:49,25,71,71,536,0,26.1,45,5,93
1201240077,19-04-2024 19:49,34,104,103,466,360,32.6,30,4,83
1201240072,19-04-2024 19:48,45,133,122,476,1257,33.2,29,5,81
1201240079,19-04-2024 19:49,20,55,55,1115,955,30.9,46,5,76
1201240085,19-04-2024 19:49,25,66,66,1162,1061,30.7,47,5,74
1201240076,19-04-2024 19:49,58,150,133,441,229,31.6,37,5,84
1212230160,19-04-2024 19:49,49,133,122,472,247,30,41,5,88
1202240009,19-04-2024 19:49,27,81,81,851,1073,29.3,49,4,84
1202240008,19-04-2024 19:49,28,78,78,818,827,29.8,51,5,84
1201240074,19-04-2024 19:49,51,140,127,599,900,29.8,45,5,85
1202240028,19-04-2024 19:50,21,64,64,405,208,33.4,30,5,84
1202240012,19-04-2024 19:50,25,78,78,405,225,36.5,26,5,78
1202240010,19-04-2024 19:50,18,49,49,415,0,28.9,36,5,93
1201240075,19-04-2024 19:50,5,11,11,852,433,22.8,45,5,84
1201240078,19-04-2024 19:50,5,11,11,852,229,21.7,47,4,84
1202240026,19-04-2024 19:50,23,64,64,699,100,25.3,52,5,88
1202240025,19-04-2024 19:50,24,71,71,536,0,26.2,45,5,93
1201240077,19-04-2024 19:50,34,104,103,461,347,32.6,29,4,83
1201240072,19-04-2024 19:50,41,116,111,483,1268,33.2,29,5,82
1201240079,19-04-2024 19:50,21,57,57,1114,948,30.9,46,5,76
1201240085,19-04-2024 19:50,23,64,64,1148,1056,30.7,47,5,75
1201240076,19-04-2024 19:50,64,157,138,440,246,31.5,37,5,83
1212230160,19-04-2024 19:50,53,142,128,470,249,30,41,5,86
1202240009,19-04-2024 19:50,27,76,76,857,1088,29.2,49,4,83
1202240008,19-04-2024 19:50,27,76,76,820,828,29.8,51,5,85
1202240028,19-04-2024 19:51,21,64,64,405,215,33.4,30,5,84
1202240012,19-04-2024 19:51,26,81,81,405,237,36.5,26,5,78
1202240010,19-04-2024 19:51,18,49,49,415,0,28.9,36,5,93
1201240075,19-04-2024 19:51,5,11,11,846,426,22.8,45,5,85
1201240078,19-04-2024 19:51,5,11,11,851,226,21.7,47,4,84
1202240026,19-04-2024 19:51,22,62,62,700,101,25.4,52,5,88
1202240025,19-04-2024 19:51,24,69,69,536,0,26.1,45,5,93
1201240077,19-04-2024 19:51,35,104,103,458,352,32.6,29,4,83
1201240072,19-04-2024 19:51,40,109,106,494,1232,33.2,30,5,82
1201240079,19-04-2024 19:51,21,57,57,1111,928,30.9,46,5,76
1201240085,19-04-2024 19:51,24,64,64,1143,1047,30.8,47,5,75
1201240076,19-04-2024 19:51,63,155,137,440,263,31.5,37,5,83
1212230160,19-04-2024 19:51,53,140,127,472,241,30,41,5,86
1202240009,19-04-2024 19:51,27,76,76,863,1089,29,50,4,83
1202240008,19-04-2024 19:51,28,78,78,817,812,29.7,52,5,84
1201240074,19-04-2024 19:50,49,135,123,597,898,29.8,45,5,86
1202240028,19-04-2024 19:52,22,64,64,410,210,33.4,30,5,84
1202240012,19-04-2024 19:52,25,74,74,407,239,36.5,27,5,80
1202240010,19-04-2024 19:52,18,55,55,417,0,28.9,36,5,93
1201240075,19-04-2024 19:52,5,11,11,845,421,22.8,45,5,85
1201240078,19-04-2024 19:52,5,11,11,845,225,21.7,47,4,85
1202240026,19-04-2024 19:52,23,66,66,702,96,25.2,52,5,88
1202240025,19-04-2024 19:52,25,71,71,531,0,26.2,45,5,93
1201240077,19-04-2024 19:52,34,100,100,455,343,32.6,29,4,83
1201240072,19-04-2024 19:52,41,112,108,492,1258,33.2,30,5,82
1201240079,19-04-2024 19:52,17,44,44,1100,919,30.9,46,5,77
1201240085,19-04-2024 19:52,23,62,62,1138,1049,30.8,47,5,75
1201240076,19-04-2024 19:52,59,151,134,440,244,31.5,37,5,84
1212230160,19-04-2024 19:52,53,140,127,467,245,30,41,5,86
1202240009,19-04-2024 19:52,26,76,76,866,1072,29,50,4,83
1202240008,19-04-2024 19:52,27,74,74,820,787,29.8,51,5,85
1201240074,19-04-2024 19:51,48,133,122,597,872,29.8,45,5,86
1202240028,19-04-2024 19:53,20,62,62,426,216,33.4,30,5,84
1202240012,19-04-2024 19:53,25,78,78,405,236,36.5,27,5,80
1202240010,19-04-2024 19:53,18,55,55,415,0,28.8,36,5,93
1201240075,19-04-2024 19:53,12,55,55,847,435,22.8,45,5,85
1201240078,19-04-2024 19:53,5,11,11,845,230,21.7,47,4,85
